epoch,accuracy,loss,val_accuracy,val_loss
0,0.9465000033378601,0.17161591351032257,0.9754999876022339,0.07549068331718445
