epoch,accuracy,loss,val_accuracy,val_loss
0,0.9465000033378601,0.17161591351032257,0.9754999876022339,0.07549068331718445
1,0.9826499819755554,0.05593889579176903,0.988099992275238,0.038201816380023956
2,0.9876333475112915,0.039539214223623276,0.987500011920929,0.039748091250658035
3,0.9905333518981934,0.030464766547083855,0.9890999794006348,0.03359070420265198
