epoch,accuracy,loss,val_accuracy,val_loss
0,0.13308332860469818,nan,0.09799999743700027,nan
1,0.09871666878461838,nan,0.09799999743700027,nan
